date,day_of_week,month,is_weekend,is_holiday,total_deposits,n_deposits,total_purchases,n_purchases,bills_amount,bills_due,net_flow,running_balance
2023-09-13,3,9,0,0,9181,1,0,0,0,0,9181,24181
2023-09-14,4,9,0,0,6821,1,0,0,0,0,6821,31002
2023-09-15,5,9,0,0,7957,1,0,0,6617.73,1,1339.27,32341.27
2023-09-16,6,9,1,1,5835,1,4653,1,0,0,1182,33523.27
2023-09-17,0,9,1,0,3811,1,0,0,0,0,3811,37334.27
2023-09-18,1,9,0,0,7468,1,5460,1,0,0,2008,39342.27
2023-09-19,2,9,0,0,4193,1,0,0,0,0,4193,43535.27
2023-09-20,3,9,0,0,3682,1,0,0,1094.01,1,2587.99,46123.26
2023-09-21,4,9,0,0,11077,1,0,0,0,0,11077,57200.26
2023-09-22,5,9,0,0,12051,1,5832,1,0,0,6219,63419.26
2023-09-23,6,9,1,0,10956,1,0,0,0,0,10956,74375.26
2023-09-24,0,9,1,0,3069,1,0,0,0,0,3069,77444.26
2023-09-25,1,9,0,0,8387,1,0,0,0,0,8387,85831.26
2023-09-26,2,9,0,0,4508,1,0,0,0,0,4508,90339.26
2023-09-27,3,9,0,0,3823,1,0,0,0,0,3823,94162.26
2023-09-28,4,9,0,0,4837,1,3881,1,0,0,956,95118.26
2023-09-29,5,9,0,0,10656,1,0,0,0,0,10656,105774.26
2023-09-30,6,9,1,0,11795,1,7972,1,6936.54,1,-3113.54,102660.72
2023-10-01,0,10,1,0,7581,1,0,0,5875.28,1,1705.72,104366.44
2023-10-02,1,10,0,0,6059,1,4781,1,0,0,1278,105644.44
2023-10-03,2,10,0,0,3996,1,0,0,0,0,3996,109640.44
2023-10-04,3,10,0,0,6946,1,6521,1,0,0,425,110065.44
2023-10-05,4,10,0,0,7470,1,0,0,0,0,7470,117535.44
2023-10-06,5,10,0,0,10134,1,7902,1,0,0,2232,119767.44
2023-10-07,6,10,1,0,12025,1,0,0,0,0,12025,131792.44
2023-10-08,0,10,1,0,5096,1,0,0,0,0,5096,136888.44
2023-10-09,1,10,0,0,7403,1,4987,1,0,0,2416,139304.44
2023-10-10,2,10,0,0,5658,1,0,0,0,0,5658,144962.44
2023-10-11,3,10,0,0,4918,1,6177,1,0,0,-1259,143703.44
2023-10-12,4,10,0,0,4544,1,0,0,0,0,4544,148247.44
2023-10-13,5,10,0,0,7824,1,3195,1,0,0,4629,152876.44
2023-10-14,6,10,1,0,5021,1,0,0,0,0,5021,157897.44
2023-10-15,0,10,1,0,7441,1,5029,1,5596.58,1,-3184.58,154712.86
2023-10-16,1,10,0,0,7014,1,0,0,0,0,7014,161726.86
2023-10-17,2,10,0,0,7634,1,6536,1,0,0,1098,162824.86
2023-10-18,3,10,0,0,8103,1,0,0,0,0,8103,170927.86
2023-10-19,4,10,0,0,10703,1,0,0,0,0,10703,181630.86
2023-10-20,5,10,0,0,9890,1,4115,1,1292.53,1,4482.47,186113.33
2023-10-21,6,10,1,0,7143,1,0,0,0,0,7143,193256.33
2023-10-22,0,10,1,0,6300,1,7982,1,0,0,-1682,191574.33
2023-10-23,1,10,0,0,8261,1,0,0,0,0,8261,199835.33
2023-10-24,2,10,0,0,3257,1,0,0,0,0,3257,203092.33
2023-10-25,3,10,0,0,10308,1,3587,1,0,0,6721,209813.33
2023-10-26,4,10,0,0,5605,1,0,0,0,0,5605,215418.33
2023-10-27,5,10,0,0,6199,1,0,0,0,0,6199,221617.33
2023-10-28,6,10,1,0,8086,1,6343,1,0,0,1743,223360.33
2023-10-29,0,10,1,0,6489,1,0,0,0,0,6489,229849.33
2023-10-30,1,10,0,0,5970,1,5629,1,0,0,341,230190.33
2023-10-31,2,10,0,0,6703,1,0,0,4973.55,1,1729.45,231919.78
2023-11-01,3,11,0,0,8618,1,0,0,5911.75,1,2706.25,234626.03
2023-11-02,4,11,0,1,8618,1,7559,1,0,0,1059,235685.03
2023-11-03,5,11,0,0,13251,1,0,0,0,0,13251,248936.03
2023-11-04,6,11,1,0,10830,1,4716,1,0,0,6114,255050.03
2023-11-05,0,11,1,0,7501,1,0,0,0,0,7501,262551.03
2023-11-06,1,11,0,0,6947,1,5500,1,0,0,1447,263998.03
2023-11-07,2,11,0,0,3612,1,0,0,0,0,3612,267610.03
2023-11-08,3,11,0,0,3525,1,3493,1,0,0,32,267642.03
2023-11-09,4,11,0,0,6296,1,0,0,0,0,6296,273938.03
2023-11-10,5,11,0,0,13111,1,5321,1,0,0,7790,281728.03
2023-11-11,6,11,1,0,5604,1,0,0,0,0,5604,287332.03
2023-11-12,0,11,1,0,5697,1,5888,1,0,0,-191,287141.03
2023-11-13,1,11,0,0,3321,1,0,0,0,0,3321,290462.03
2023-11-14,2,11,0,0,9715,1,6582,1,0,0,3133,293595.03
2023-11-15,3,11,0,0,4637,1,0,0,4652.77,1,-15.77,293579.26
2023-11-16,4,11,0,0,6737,1,3811,1,0,0,2926,296505.26
2023-11-17,5,11,0,0,5127,1,0,0,0,0,5127,301632.26
2023-11-18,6,11,1,0,10172,1,3174,1,0,0,6998,308630.26
2023-11-19,0,11,1,0,6052,1,0,0,0,0,6052,314682.26
2023-11-20,1,11,0,1,3897,1,0,0,1340.94,1,2556.06,317238.32
2023-11-21,2,11,0,0,6071,1,7051,1,0,0,-980,316258.32
2023-11-22,3,11,0,0,5128,1,0,0,0,0,5128,321386.32
2023-11-23,4,11,0,0,10340,1,5255,1,0,0,5085,326471.32
2023-11-24,5,11,0,0,9341,1,0,0,0,0,9341,335812.32
2023-11-25,6,11,1,0,13726,1,0,0,0,0,13726,349538.32
2023-11-26,0,11,1,0,6922,1,4071,1,0,0,2851,352389.32
2023-11-27,1,11,0,0,4902,1,0,0,0,0,4902,357291.32
2023-11-28,2,11,0,0,6848,1,3494,1,0,0,3354,360645.32
2023-11-29,3,11,0,0,6127,1,0,0,0,0,6127,366772.32
2023-11-30,4,11,0,0,6730,1,0,0,4320.52,1,2409.48,369181.8
2023-12-01,5,12,0,0,10158,1,7718,1,5955.96,1,-3515.96,365665.84
2023-12-02,6,12,1,0,7542,1,0,0,0,0,7542,373207.84
2023-12-03,0,12,1,0,4864,1,0,0,0,0,4864,378071.84
2023-12-04,1,12,0,0,6092,1,0,0,0,0,6092,384163.84
2023-12-05,2,12,0,0,3940,1,0,0,0,0,3940,388103.84
2023-12-06,3,12,0,0,7218,1,4511,1,0,0,2707,390810.84
2023-12-07,4,12,0,0,5383,1,0,0,0,0,5383,396193.84
2023-12-08,5,12,0,0,7320,1,6889,1,0,0,431,396624.84
2023-12-09,6,12,1,0,13921,1,0,0,0,0,13921,410545.84
2023-12-10,0,12,1,0,4140,1,4583,1,0,0,-443,410102.84
2023-12-11,1,12,0,0,5607,1,0,0,0,0,5607,415709.84
2023-12-12,2,12,0,0,9894,1,0,0,0,0,9894,425603.84
2023-12-13,3,12,0,0,6660,1,4575,1,0,0,2085,427688.84
2023-12-14,4,12,0,0,7426,1,0,0,0,0,7426,435114.84
2023-12-15,5,12,0,0,10041,1,3351,1,4990.17,1,1699.83,436814.67
2023-12-16,6,12,1,0,5972,1,0,0,0,0,5972,442786.67
2023-12-17,0,12,1,0,2780,1,3317,1,0,0,-537,442249.67
2023-12-18,1,12,0,0,6721,1,0,0,0,0,6721,448970.67
2023-12-19,2,12,0,0,7633,1,5454,1,0,0,2179,451149.67
2023-12-20,3,12,0,0,4879,1,0,0,1459.07,1,3419.93,454569.6
2023-12-21,4,12,0,0,9261,1,0,0,0,0,9261,463830.6
2023-12-22,5,12,0,0,13268,1,0,0,0,0,13268,477098.6
2023-12-23,6,12,1,0,9657,1,0,0,0,0,9657,486755.6
2023-12-24,0,12,1,0,5604,1,6314,1,0,0,-710,486045.6
2023-12-25,1,12,0,1,1455,1,0,0,0,0,1455,487500.6
2023-12-26,2,12,0,0,5079,1,0,0,0,0,5079,492579.6
2023-12-27,3,12,0,0,6731,1,0,0,0,0,6731,499310.6
2023-12-28,4,12,0,0,4370,1,3372,1,0,0,998,500308.6
2023-12-29,5,12,0,0,13464,1,0,0,0,0,13464,513772.6
2023-12-30,6,12,1,0,6046,1,0,0,0,0,6046,519818.6
2023-12-31,0,12,1,0,7063,1,5224,1,4636.22,1,-2797.22,517021.38
2024-01-01,1,1,0,1,1059,1,0,0,6069.8,1,-5010.8,512010.58
2024-01-02,2,1,0,0,7985,1,6535,1,0,0,1450,513460.58
2024-01-03,3,1,0,0,9222,1,0,0,0,0,9222,522682.58
2024-01-04,4,1,0,0,8593,1,4997,1,0,0,3596,526278.58
2024-01-05,5,1,0,0,7719,1,0,0,0,0,7719,533997.58
2024-01-06,6,1,1,0,12850,1,4808,1,0,0,8042,542039.58
2024-01-07,0,1,1,0,7157,1,0,0,0,0,7157,549196.58
2024-01-08,1,1,0,0,7433,1,0,0,0,0,7433,556629.58
2024-01-09,2,1,0,0,6422,1,0,0,0,0,6422,563051.58
2024-01-10,3,1,0,0,4252,1,0,0,0,0,4252,567303.58
2024-01-11,4,1,0,0,11155,1,0,0,0,0,11155,578458.58
2024-01-12,5,1,0,0,9964,1,0,0,0,0,9964,588422.58
2024-01-13,6,1,1,0,12680,1,0,0,0,0,12680,601102.58
2024-01-14,0,1,1,0,7852,1,0,0,0,0,7852,608954.58
2024-01-15,1,1,0,0,7542,1,5693,1,4734.96,1,-2885.96,606068.62
2024-01-16,2,1,0,0,5712,1,0,0,0,0,5712,611780.62
2024-01-17,3,1,0,0,4382,1,5855,1,0,0,-1473,610307.62
2024-01-18,4,1,0,0,9655,1,0,0,0,0,9655,619962.62
2024-01-19,5,1,0,0,10001,1,0,0,0,0,10001,629963.62
2024-01-20,6,1,1,0,10449,1,3541,1,1422.07,1,5485.93,635449.55
2024-01-21,0,1,1,0,3678,1,0,0,0,0,3678,639127.55
2024-01-22,1,1,0,0,5416,1,0,0,0,0,5416,644543.55
2024-01-23,2,1,0,0,7196,1,0,0,0,0,7196,651739.55
2024-01-24,3,1,0,0,9336,1,0,0,0,0,9336,661075.55
2024-01-25,4,1,0,0,5216,1,0,0,0,0,5216,666291.55
2024-01-26,5,1,0,0,8733,1,6313,1,0,0,2420,668711.55
2024-01-27,6,1,1,0,6083,1,0,0,0,0,6083,674794.55
2024-01-28,0,1,1,0,8057,1,0,0,0,0,8057,682851.55
2024-01-29,1,1,0,0,3419,1,0,0,0,0,3419,686270.55
2024-01-30,2,1,0,0,8435,1,0,0,0,0,8435,694705.55
2024-01-31,3,1,0,0,5345,1,6112,1,6339.26,1,-7106.26,687599.29
2024-02-01,4,2,0,0,6807,1,0,0,5997.55,1,809.45,688408.74
2024-02-02,5,2,0,0,12975,1,7076,1,0,0,5899,694307.74
2024-02-03,6,2,1,0,13521,1,0,0,0,0,13521,707828.74
2024-02-04,0,2,1,0,5326,1,7598,1,0,0,-2272,705556.74
2024-02-05,1,2,0,1,7484,1,0,0,0,0,7484,713040.74
2024-02-06,2,2,0,0,3475,1,0,0,0,0,3475,716515.74
2024-02-07,3,2,0,0,3365,1,7653,1,0,0,-4288,712227.74
2024-02-08,4,2,0,0,11156,1,0,0,0,0,11156,723383.74
2024-02-09,5,2,0,0,5895,1,5510,1,0,0,385,723768.74
2024-02-10,6,2,1,0,12227,1,0,0,0,0,12227,735995.74
2024-02-11,0,2,1,0,5396,1,3342,1,0,0,2054,738049.74
2024-02-12,1,2,0,0,3761,1,0,0,0,0,3761,741810.74
2024-02-13,2,2,0,0,8301,1,0,0,0,0,8301,750111.74
2024-02-14,3,2,0,0,7119,1,0,0,0,0,7119,757230.74
2024-02-15,4,2,0,0,10561,1,3736,1,4077.15,1,2747.85,759978.59
2024-02-16,5,2,0,0,6551,1,0,0,0,0,6551,766529.59
2024-02-17,6,2,1,0,7273,1,0,0,0,0,7273,773802.59
2024-02-18,0,2,1,0,5454,1,7460,1,0,0,-2006,771796.59
2024-02-19,1,2,0,0,3069,1,0,0,0,0,3069,774865.59
2024-02-20,2,2,0,0,9760,1,0,0,898.56,1,8861.44,783727.03
2024-02-21,3,2,0,0,5709,1,0,0,0,0,5709,789436.03
2024-02-22,4,2,0,0,11069,1,6397,1,0,0,4672,794108.03
2024-02-23,5,2,0,0,10627,1,0,0,0,0,10627,804735.03
2024-02-24,6,2,1,0,10894,1,6192,1,0,0,4702,809437.03
2024-02-25,0,2,1,0,5493,1,0,0,0,0,5493,814930.03
2024-02-26,1,2,0,0,5953,1,7258,1,0,0,-1305,813625.03
2024-02-27,2,2,0,0,8694,1,0,0,0,0,8694,822319.03
2024-02-28,3,2,0,0,10233,1,6384,1,0,0,3849,826168.03
2024-02-29,4,2,0,0,7809,1,0,0,6754.7,1,1054.3,827222.33
2024-03-01,5,3,0,0,4626,1,0,0,5916.5,1,-1290.5,825931.83
2024-03-02,6,3,1,0,9439,1,4042,1,0,0,5397,831328.83
2024-03-03,0,3,1,0,2919,1,0,0,0,0,2919,834247.83
2024-03-04,1,3,0,0,6392,1,7687,1,0,0,-1295,832952.83
2024-03-05,2,3,0,0,7318,1,0,0,0,0,7318,840270.83
2024-03-06,3,3,0,0,6117,1,0,0,0,0,6117,846387.83
2024-03-07,4,3,0,0,10423,1,6770,1,0,0,3653,850040.83
2024-03-08,5,3,0,0,5091,1,0,0,0,0,5091,855131.83
2024-03-09,6,3,1,0,13383,1,7787,1,0,0,5596,860727.83
2024-03-10,0,3,1,0,4928,1,0,0,0,0,4928,865655.83
2024-03-11,1,3,0,0,3942,1,7758,1,0,0,-3816,861839.83
2024-03-12,2,3,0,0,8818,1,0,0,0,0,8818,870657.83
2024-03-13,3,3,0,0,4923,1,0,0,0,0,4923,875580.83
2024-03-14,4,3,0,0,6284,1,4503,1,0,0,1781,877361.83
2024-03-15,5,3,0,0,8727,1,0,0,6754.1,1,1972.9,879334.73
2024-03-16,6,3,1,0,13505,1,0,0,0,0,13505,892839.73
2024-03-17,0,3,1,0,7034,1,6497,1,0,0,537,893376.73
2024-03-18,1,3,0,0,5234,1,0,0,0,0,5234,898610.73
2024-03-19,2,3,0,0,5284,1,0,0,0,0,5284,903894.73
2024-03-20,3,3,0,0,5571,1,0,0,1044.65,1,4526.35,908421.08
2024-03-21,4,3,0,1,5928,1,0,0,0,0,5928,914349.08
2024-03-22,5,3,0,0,8587,1,7967,1,0,0,620,914969.08
2024-03-23,6,3,1,0,10873,1,0,0,0,0,10873,925842.08
2024-03-24,0,3,1,0,6590,1,4088,1,0,0,2502,928344.08
2024-03-25,1,3,0,0,4890,1,0,0,0,0,4890,933234.08
2024-03-26,2,3,0,0,4163,1,7834,1,0,0,-3671,929563.08
2024-03-27,3,3,0,0,8977,1,0,0,0,0,8977,938540.08
2024-03-28,4,3,0,0,9546,1,4253,1,0,0,5293,943833.08
2024-03-29,5,3,0,0,10721,1,0,0,0,0,10721,954554.08
2024-03-30,6,3,1,0,5005,1,7913,1,0,0,-2908,951646.08
2024-03-31,0,3,1,0,7391,1,0,0,6512.12,1,878.88,952524.96
2024-04-01,1,4,0,0,6304,1,0,0,5976.51,1,327.49,952852.45
2024-04-02,2,4,0,0,4089,1,5208,1,0,0,-1119,951733.45
2024-04-03,3,4,0,0,5531,1,0,0,0,0,5531,957264.45
2024-04-04,4,4,0,0,7060,1,0,0,0,0,7060,964324.45
2024-04-05,5,4,0,0,10661,1,0,0,0,0,10661,974985.45
2024-04-06,6,4,1,0,7887,1,0,0,0,0,7887,982872.45
2024-04-07,0,4,1,0,4959,1,0,0,0,0,4959,987831.45
2024-04-08,1,4,0,0,7539,1,0,0,0,0,7539,995370.45
2024-04-09,2,4,0,0,4273,1,4388,1,0,0,-115,995255.45
2024-04-10,3,4,0,0,10386,1,0,0,0,0,10386,1005641.45
2024-04-11,4,4,0,0,4457,1,5350,1,0,0,-893,1004748.45
2024-04-12,5,4,0,0,10382,1,0,0,0,0,10382,1015130.45
2024-04-13,6,4,1,0,10625,1,5756,1,0,0,4869,1019999.45
2024-04-14,0,4,1,0,5587,1,0,0,0,0,5587,1025586.45
2024-04-15,1,4,0,0,3858,1,7288,1,6484.08,1,-9914.08,1015672.37
2024-04-16,2,4,0,0,5577,1,0,0,0,0,5577,1021249.37
2024-04-17,3,4,0,0,9656,1,0,0,0,0,9656,1030905.37
2024-04-18,4,4,0,0,6465,1,7094,1,0,0,-629,1030276.37
2024-04-19,5,4,0,0,13467,1,0,0,0,0,13467,1043743.37
2024-04-20,6,4,1,0,7373,1,0,0,1343.91,1,6029.09,1049772.46
2024-04-21,0,4,1,0,4898,1,5308,1,0,0,-410,1049362.46
2024-04-22,1,4,0,0,4965,1,0,0,0,0,4965,1054327.46
2024-04-23,2,4,0,0,5766,1,3569,1,0,0,2197,1056524.46
2024-04-24,3,4,0,0,4261,1,0,0,0,0,4261,1060785.46
2024-04-25,4,4,0,0,9905,1,4409,1,0,0,5496,1066281.46
2024-04-26,5,4,0,0,9377,1,0,0,0,0,9377,1075658.46
2024-04-27,6,4,1,0,10178,1,3539,1,0,0,6639,1082297.46
2024-04-28,0,4,1,0,5151,1,0,0,0,0,5151,1087448.46
2024-04-29,1,4,0,0,3295,1,0,0,0,0,3295,1090743.46
2024-04-30,2,4,0,0,9230,1,4254,1,6369.46,1,-1393.46,1089350
2024-05-01,3,5,0,1,3543,1,0,0,5825.92,1,-2282.92,1087067.08
2024-05-02,4,5,0,0,8254,1,4973,1,0,0,3281,1090348.08
2024-05-03,5,5,0,0,10985,1,0,0,0,0,10985,1101333.08
2024-05-04,6,5,1,0,4626,1,6235,1,0,0,-1609,1099724.08
2024-05-05,0,5,1,0,7535,1,0,0,0,0,7535,1107259.08
2024-05-06,1,5,0,0,7935,1,6302,1,0,0,1633,1108892.08
2024-05-07,2,5,0,0,8136,1,0,0,0,0,8136,1117028.08
2024-05-08,3,5,0,0,8012,1,0,0,0,0,8012,1125040.08
2024-05-09,4,5,0,0,9811,1,4818,1,0,0,4993,1130033.08
2024-05-10,5,5,0,1,16015,1,0,0,0,0,16015,1146048.08
2024-05-11,6,5,1,0,12796,1,3431,1,0,0,9365,1155413.08
2024-05-12,0,5,1,0,3422,1,0,0,0,0,3422,1158835.08
2024-05-13,1,5,0,0,4312,1,4783,1,0,0,-471,1158364.08
2024-05-14,2,5,0,0,7195,1,0,0,0,0,7195,1165559.08
2024-05-15,3,5,0,0,8962,1,0,0,6911.24,1,2050.76,1167609.84
2024-05-16,4,5,0,0,9934,1,3334,1,0,0,6600,1174209.84
2024-05-17,5,5,0,0,6805,1,0,0,0,0,6805,1181014.84
2024-05-18,6,5,1,0,7408,1,6213,1,0,0,1195,1182209.84
2024-05-19,0,5,1,0,3159,1,0,0,0,0,3159,1185368.84
2024-05-20,1,5,0,0,6226,1,0,0,1150.84,1,5075.16,1190444
2024-05-21,2,5,0,0,6265,1,7727,1,0,0,-1462,1188982
2024-05-22,3,5,0,0,4868,1,0,0,0,0,4868,1193850
2024-05-23,4,5,0,0,8559,1,6979,1,0,0,1580,1195430
2024-05-24,5,5,0,0,13704,1,0,0,0,0,13704,1209134
2024-05-25,6,5,1,0,13531,1,7910,1,0,0,5621,1214755
2024-05-26,0,5,1,0,6830,1,0,0,0,0,6830,1221585
2024-05-27,1,5,0,0,8265,1,6504,1,0,0,1761,1223346
2024-05-28,2,5,0,0,3689,1,0,0,0,0,3689,1227035
2024-05-29,3,5,0,0,3672,1,0,0,0,0,3672,1230707
2024-05-30,4,5,0,0,11065,1,5056,1,0,0,6009,1236716
2024-05-31,5,5,0,0,6642,1,0,0,6957.21,1,-315.21,1236400.79
2024-06-01,6,6,1,0,6334,1,3253,1,5824.05,1,-2743.05,1233657.74
2024-06-02,0,6,1,0,5697,1,0,0,0,0,5697,1239354.74
2024-06-03,1,6,0,0,3596,1,7065,1,0,0,-3469,1235885.74
2024-06-04,2,6,0,0,4650,1,0,0,0,0,4650,1240535.74
2024-06-05,3,6,0,0,8767,1,0,0,0,0,8767,1249302.74
2024-06-06,4,6,0,0,11389,1,0,0,0,0,11389,1260691.74
2024-06-07,5,6,0,0,5627,1,0,0,0,0,5627,1266318.74
2024-06-08,6,6,1,0,10404,1,5565,1,0,0,4839,1271157.74
2024-06-09,0,6,1,0,4300,1,0,0,0,0,4300,1275457.74
2024-06-10,1,6,0,0,8039,1,3020,1,0,0,5019,1280476.74
2024-06-11,2,6,0,0,9236,1,0,0,0,0,9236,1289712.74
2024-06-12,3,6,0,0,8610,1,0,0,0,0,8610,1298322.74
2024-06-13,4,6,0,0,11446,1,3393,1,0,0,8053,1306375.74
2024-06-14,5,6,0,0,12041,1,0,0,0,0,12041,1318416.74
2024-06-15,6,6,1,0,12574,1,6288,1,6577.19,1,-291.19,1318125.55
2024-06-16,0,6,1,0,5486,1,0,0,0,0,5486,1323611.55
2024-06-17,1,6,0,0,4773,1,4589,1,0,0,184,1323795.55
2024-06-18,2,6,0,0,6807,1,0,0,0,0,6807,1330602.55
2024-06-19,3,6,0,0,9645,1,0,0,0,0,9645,1340247.55
2024-06-20,4,6,0,0,8792,1,7764,1,809.47,1,218.53,1340466.08
2024-06-21,5,6,0,0,12477,1,0,0,0,0,12477,1352943.08
2024-06-22,6,6,1,0,13621,1,0,0,0,0,13621,1366564.08
2024-06-23,0,6,1,0,2645,1,5731,1,0,0,-3086,1363478.08
2024-06-24,1,6,0,0,8757,1,0,0,0,0,8757,1372235.08
2024-06-25,2,6,0,0,7715,1,4834,1,0,0,2881,1375116.08
2024-06-26,3,6,0,0,10017,1,0,0,0,0,10017,1385133.08
2024-06-27,4,6,0,0,7691,1,3180,1,0,0,4511,1389644.08
2024-06-28,5,6,0,0,11535,1,0,0,0,0,11535,1401179.08
2024-06-29,6,6,1,0,9688,1,6698,1,0,0,2990,1404169.08
2024-06-30,0,6,1,0,6126,1,0,0,6069.18,1,56.82,1404225.9
2024-07-01,1,7,0,0,4529,1,4731,1,6085.92,1,-6287.92,1397937.98
2024-07-02,2,7,0,0,7702,1,0,0,0,0,7702,1405639.98
2024-07-03,3,7,0,0,8413,1,6067,1,0,0,2346,1407985.98
2024-07-04,4,7,0,0,9274,1,0,0,0,0,9274,1417259.98
2024-07-05,5,7,0,0,10972,1,0,0,0,0,10972,1428231.98
2024-07-06,6,7,1,0,12797,1,0,0,0,0,12797,1441028.98
2024-07-07,0,7,1,0,6525,1,0,0,0,0,6525,1447553.98
2024-07-08,1,7,0,0,3344,1,3770,1,0,0,-426,1447127.98
2024-07-09,2,7,0,0,4380,1,0,0,0,0,4380,1451507.98
2024-07-10,3,7,0,0,9030,1,7291,1,0,0,1739,1453246.98
2024-07-11,4,7,0,0,10229,1,0,0,0,0,10229,1463475.98
2024-07-12,5,7,0,0,7149,1,0,0,0,0,7149,1470624.98
2024-07-13,6,7,1,0,5570,1,0,0,0,0,5570,1476194.98
2024-07-14,0,7,1,0,6074,1,7427,1,0,0,-1353,1474841.98
2024-07-15,1,7,0,0,8460,1,0,0,5788.9,1,2671.1,1477513.08
2024-07-16,2,7,0,0,7724,1,3445,1,0,0,4279,1481792.08
2024-07-17,3,7,0,0,9375,1,0,0,0,0,9375,1491167.08
2024-07-18,4,7,0,0,5730,1,6205,1,0,0,-475,1490692.08
2024-07-19,5,7,0,0,4510,1,0,0,0,0,4510,1495202.08
2024-07-20,6,7,1,0,6990,1,6933,1,876.31,1,-819.31,1494382.77
2024-07-21,0,7,1,0,7601,1,0,0,0,0,7601,1501983.77
2024-07-22,1,7,0,0,6906,1,0,0,0,0,6906,1508889.77
2024-07-23,2,7,0,0,6583,1,5594,1,0,0,989,1509878.77
2024-07-24,3,7,0,0,8061,1,0,0,0,0,8061,1517939.77
2024-07-25,4,7,0,0,10243,1,0,0,0,0,10243,1528182.77
2024-07-26,5,7,0,0,8153,1,0,0,0,0,8153,1536335.77
2024-07-27,6,7,1,0,5130,1,0,0,0,0,5130,1541465.77
2024-07-28,0,7,1,0,5275,1,0,0,0,0,5275,1546740.77
2024-07-29,1,7,0,0,7796,1,0,0,0,0,7796,1554536.77
2024-07-30,2,7,0,0,9269,1,6197,1,0,0,3072,1557608.77
2024-07-31,3,7,0,0,5632,1,0,0,5046.77,1,585.23,1558194
2024-08-01,4,8,0,0,7917,1,3955,1,6177.94,1,-2215.94,1555978.06
2024-08-02,5,8,0,0,6131,1,0,0,0,0,6131,1562109.06
2024-08-03,6,8,1,0,12311,1,5456,1,0,0,6855,1568964.06
2024-08-04,0,8,1,0,7680,1,0,0,0,0,7680,1576644.06
2024-08-05,1,8,0,0,3679,1,3694,1,0,0,-15,1576629.06
2024-08-06,2,8,0,0,9614,1,0,0,0,0,9614,1586243.06
2024-08-07,3,8,0,0,5771,1,3484,1,0,0,2287,1588530.06
2024-08-08,4,8,0,0,9932,1,0,0,0,0,9932,1598462.06
2024-08-09,5,8,0,0,8398,1,3142,1,0,0,5256,1603718.06
2024-08-10,6,8,1,0,5405,1,0,0,0,0,5405,1609123.06
2024-08-11,0,8,1,0,4646,1,4382,1,0,0,264,1609387.06
2024-08-12,1,8,0,0,8016,1,0,0,0,0,8016,1617403.06
2024-08-13,2,8,0,0,7785,1,6130,1,0,0,1655,1619058.06
2024-08-14,3,8,0,0,6656,1,0,0,0,0,6656,1625714.06
2024-08-15,4,8,0,0,8169,1,0,0,6193.04,1,1975.96,1627690.02
2024-08-16,5,8,0,0,11506,1,6439,1,0,0,5067,1632757.02
2024-08-17,6,8,1,0,11073,1,0,0,0,0,11073,1643830.02
2024-08-18,0,8,1,0,4271,1,7167,1,0,0,-2896,1640934.02
2024-08-19,1,8,0,0,7420,1,0,0,0,0,7420,1648354.02
2024-08-20,2,8,0,0,6508,1,0,0,1072.65,1,5435.35,1653789.37
2024-08-21,3,8,0,0,10398,1,0,0,0,0,10398,1664187.37
2024-08-22,4,8,0,0,10362,1,0,0,0,0,10362,1674549.37
2024-08-23,5,8,0,0,13685,1,0,0,0,0,13685,1688234.37
2024-08-24,6,8,1,0,13284,1,0,0,0,0,13284,1701518.37
2024-08-25,0,8,1,0,6632,1,0,0,0,0,6632,1708150.37
2024-08-26,1,8,0,0,6791,1,5298,1,0,0,1493,1709643.37
2024-08-27,2,8,0,0,6246,1,0,0,0,0,6246,1715889.37
2024-08-28,3,8,0,0,8285,1,3491,1,0,0,4794,1720683.37
2024-08-29,4,8,0,0,11478,1,0,0,0,0,11478,1732161.37
2024-08-30,5,8,0,0,8998,1,5455,1,0,0,3543,1735704.37
2024-08-31,6,8,1,0,7681,1,0,0,4691.64,1,2989.36,1738693.73
2024-09-01,0,9,1,0,7294,1,0,0,5961.35,1,1332.65,1740026.38
2024-09-02,1,9,0,0,7404,1,3108,1,0,0,4296,1744322.38
2024-09-03,2,9,0,0,7011,1,0,0,0,0,7011,1751333.38
2024-09-04,3,9,0,0,9680,1,7646,1,0,0,2034,1753367.38
2024-09-05,4,9,0,0,5665,1,0,0,0,0,5665,1759032.38
2024-09-06,5,9,0,0,8219,1,0,0,0,0,8219,1767251.38
2024-09-07,6,9,1,0,5459,1,4505,1,0,0,954,1768205.38
2024-09-08,0,9,1,0,3283,1,0,0,0,0,3283,1771488.38
2024-09-09,1,9,0,0,5043,1,6812,1,0,0,-1769,1769719.38
2024-09-10,2,9,0,0,9754,1,0,0,0,0,9754,1779473.38
2024-09-11,3,9,0,0,6318,1,0,0,0,0,6318,1785791.38
2024-09-12,4,9,0,0,7038,1,7285,1,0,0,-247,1785544.38
2024-09-13,5,9,0,0,8852,1,0,0,0,0,8852,1794396.38
2024-09-14,6,9,1,0,5302,1,0,0,0,0,5302,1799698.38
2024-09-15,0,9,1,0,3266,1,0,0,5450.71,1,-2184.71,1797513.67
2024-09-16,1,9,0,1,3066,1,5391,1,0,0,-2325,1795188.67
2024-09-17,2,9,0,0,9368,1,0,0,0,0,9368,1804556.67
2024-09-18,3,9,0,0,6566,1,3127,1,0,0,3439,1807995.67
2024-09-19,4,9,0,0,5019,1,0,0,0,0,5019,1813014.67
2024-09-20,5,9,0,0,9101,1,0,0,1297.09,1,7803.91,1820818.58
2024-09-21,6,9,1,0,12676,1,0,0,0,0,12676,1833494.58
2024-09-22,0,9,1,0,7944,1,0,0,0,0,7944,1841438.58
2024-09-23,1,9,0,0,8085,1,0,0,0,0,8085,1849523.58
2024-09-24,2,9,0,0,5952,1,0,0,0,0,5952,1855475.58
2024-09-25,3,9,0,0,7013,1,5815,1,0,0,1198,1856673.58
2024-09-26,4,9,0,0,7738,1,0,0,0,0,7738,1864411.58
2024-09-27,5,9,0,0,5298,1,4679,1,0,0,619,1865030.58
2024-09-28,6,9,1,0,8464,1,0,0,0,0,8464,1873494.58
2024-09-29,0,9,1,0,3028,1,5722,1,0,0,-2694,1870800.58
2024-09-30,1,9,0,0,5958,1,0,0,5930.49,1,27.51,1870828.09
2024-10-01,2,10,0,0,7912,1,7543,1,6199.2,1,-5830.2,1864997.89
2024-10-02,3,10,0,0,3654,1,0,0,0,0,3654,1868651.89
2024-10-03,4,10,0,0,6181,1,0,0,0,0,6181,1874832.89
2024-10-04,5,10,0,0,5254,1,7391,1,0,0,-2137,1872695.89
2024-10-05,6,10,1,0,5614,1,0,0,0,0,5614,1878309.89
2024-10-06,0,10,1,0,5417,1,6773,1,0,0,-1356,1876953.89
2024-10-07,1,10,0,0,4045,1,0,0,0,0,4045,1880998.89
2024-10-08,2,10,0,0,4863,1,4950,1,0,0,-87,1880911.89
2024-10-09,3,10,0,0,4737,1,0,0,0,0,4737,1885648.89
2024-10-10,4,10,0,0,4081,1,7505,1,0,0,-3424,1882224.89
2024-10-11,5,10,0,0,9922,1,0,0,0,0,9922,1892146.89
2024-10-12,6,10,1,0,9978,1,7039,1,0,0,2939,1895085.89
2024-10-13,0,10,1,0,3503,1,0,0,0,0,3503,1898588.89
2024-10-14,1,10,0,0,3776,1,7190,1,0,0,-3414,1895174.89
2024-10-15,2,10,0,0,5526,1,0,0,5252.26,1,273.74,1895448.63
2024-10-16,3,10,0,0,9415,1,7347,1,0,0,2068,1897516.63
2024-10-17,4,10,0,0,10271,1,0,0,0,0,10271,1907787.63
2024-10-18,5,10,0,0,11294,1,5300,1,0,0,5994,1913781.63
2024-10-19,6,10,1,0,5385,1,0,0,0,0,5385,1919166.63
2024-10-20,0,10,1,0,3543,1,4630,1,882.11,1,-1969.11,1917197.52
2024-10-21,1,10,0,0,4890,1,0,0,0,0,4890,1922087.52
2024-10-22,2,10,0,0,3478,1,3809,1,0,0,-331,1921756.52
2024-10-23,3,10,0,0,5929,1,0,0,0,0,5929,1927685.52
2024-10-24,4,10,0,0,10729,1,4639,1,0,0,6090,1933775.52
2024-10-25,5,10,0,0,7461,1,0,0,0,0,7461,1941236.52
2024-10-26,6,10,1,0,12739,1,0,0,0,0,12739,1953975.52
2024-10-27,0,10,1,0,7602,1,0,0,0,0,7602,1961577.52
2024-10-28,1,10,0,0,3287,1,3962,1,0,0,-675,1960902.52
2024-10-29,2,10,0,0,7602,1,0,0,0,0,7602,1968504.52
2024-10-30,3,10,0,0,4081,1,4449,1,0,0,-368,1968136.52
2024-10-31,4,10,0,0,8284,1,0,0,6175.63,1,2108.37,1970244.89
2024-11-01,5,11,0,0,11987,1,3307,1,5829.22,1,2850.78,1973095.67
2024-11-02,6,11,1,1,10748,1,0,0,0,0,10748,1983843.67
2024-11-03,0,11,1,0,5143,1,4257,1,0,0,886,1984729.67
2024-11-04,1,11,0,0,7128,1,0,0,0,0,7128,1991857.67
2024-11-05,2,11,0,0,3360,1,5261,1,0,0,-1901,1989956.67
2024-11-06,3,11,0,0,9359,1,0,0,0,0,9359,1999315.67
2024-11-07,4,11,0,0,5770,1,0,0,0,0,5770,2005085.67
2024-11-08,5,11,0,0,10730,1,7005,1,0,0,3725,2008810.67
2024-11-09,6,11,1,0,5282,1,0,0,0,0,5282,2014092.67
2024-11-10,0,11,1,0,6300,1,3166,1,0,0,3134,2017226.67
2024-11-11,1,11,0,0,5822,1,0,0,0,0,5822,2023048.67
2024-11-12,2,11,0,0,6122,1,5632,1,0,0,490,2023538.67
2024-11-13,3,11,0,0,8235,1,0,0,0,0,8235,2031773.67
2024-11-14,4,11,0,0,10356,1,0,0,0,0,10356,2042129.67
2024-11-15,5,11,0,0,8748,1,0,0,6546.46,1,2201.54,2044331.21
2024-11-16,6,11,1,0,13216,1,0,0,0,0,13216,2057547.21
2024-11-17,0,11,1,0,3449,1,0,0,0,0,3449,2060996.21
2024-11-18,1,11,0,0,2937,1,0,0,0,0,2937,2063933.21
2024-11-19,2,11,0,0,6461,1,4962,1,0,0,1499,2065432.21
2024-11-20,3,11,0,1,7745,1,0,0,850.85,1,6894.15,2072326.36
2024-11-21,4,11,0,0,6690,1,0,0,0,0,6690,2079016.36
2024-11-22,5,11,0,0,6812,1,4559,1,0,0,2253,2081269.36
2024-11-23,6,11,1,0,6535,1,0,0,0,0,6535,2087804.36
2024-11-24,0,11,1,0,6795,1,7828,1,0,0,-1033,2086771.36
2024-11-25,1,11,0,0,4840,1,0,0,0,0,4840,2091611.36
2024-11-26,2,11,0,0,9728,1,5118,1,0,0,4610,2096221.36
2024-11-27,3,11,0,0,9768,1,0,0,0,0,9768,2105989.36
2024-11-28,4,11,0,0,6791,1,7207,1,0,0,-416,2105573.36
2024-11-29,5,11,0,0,13383,1,0,0,0,0,13383,2118956.36
2024-11-30,6,11,1,0,5352,1,0,0,4616.66,1,735.34,2119691.7
2024-12-01,0,12,1,0,6708,1,7035,1,5997.61,1,-6324.61,2113367.09
2024-12-02,1,12,0,0,5995,1,0,0,0,0,5995,2119362.09
2024-12-03,2,12,0,0,5952,1,0,0,0,0,5952,2125314.09
2024-12-04,3,12,0,0,6742,1,4626,1,0,0,2116,2127430.09
2024-12-05,4,12,0,0,9191,1,0,0,0,0,9191,2136621.09
2024-12-06,5,12,0,0,10409,1,0,0,0,0,10409,2147030.09
2024-12-07,6,12,1,0,12240,1,7363,1,0,0,4877,2151907.09
2024-12-08,0,12,1,0,4156,1,0,0,0,0,4156,2156063.09
2024-12-09,1,12,0,0,7787,1,6362,1,0,0,1425,2157488.09
2024-12-10,2,12,0,0,8140,1,0,0,0,0,8140,2165628.09
2024-12-11,3,12,0,0,8450,1,0,0,0,0,8450,2174078.09
2024-12-12,4,12,0,0,8975,1,3547,1,0,0,5428,2179506.09
2024-12-13,5,12,0,0,9111,1,0,0,0,0,9111,2188617.09
2024-12-14,6,12,1,0,4638,1,4628,1,0,0,10,2188627.09
2024-12-15,0,12,1,0,7638,1,0,0,6407.83,1,1230.17,2189857.26
2024-12-16,1,12,0,0,3404,1,7675,1,0,0,-4271,2185586.26
2024-12-17,2,12,0,0,7643,1,0,0,0,0,7643,2193229.26
2024-12-18,3,12,0,0,3810,1,3049,1,0,0,761,2193990.26
2024-12-19,4,12,0,0,9509,1,0,0,0,0,9509,2203499.26
2024-12-20,5,12,0,0,12397,1,0,0,1212.19,1,11184.81,2214684.07
2024-12-21,6,12,1,0,10912,1,0,0,0,0,10912,2225596.07
2024-12-22,0,12,1,0,4640,1,5254,1,0,0,-614,2224982.07
2024-12-23,1,12,0,0,3616,1,0,0,0,0,3616,2228598.07
2024-12-24,2,12,0,0,8564,1,0,0,0,0,8564,2237162.07
2024-12-25,3,12,0,1,771,1,3354,1,0,0,-2583,2234579.07
2024-12-26,4,12,0,0,9541,1,0,0,0,0,9541,2244120.07
2024-12-27,5,12,0,0,6874,1,0,0,0,0,6874,2250994.07
2024-12-28,6,12,1,0,4657,1,0,0,0,0,4657,2255651.07
2024-12-29,0,12,1,0,8165,1,5160,1,0,0,3005,2258656.07
2024-12-30,1,12,0,0,6898,1,0,0,0,0,6898,2265554.07
2024-12-31,2,12,0,0,8925,1,3567,1,6393.63,1,-1035.63,2264518.44
2025-01-01,3,1,0,1,1335,1,0,0,6057.79,1,-4722.79,2259795.65
2025-01-02,4,1,0,0,4319,1,0,0,0,0,4319,2264114.65
2025-01-03,5,1,0,0,11316,1,6802,1,0,0,4514,2268628.65
2025-01-04,6,1,1,0,10746,1,0,0,0,0,10746,2279374.65
2025-01-05,0,1,1,0,3147,1,3140,1,0,0,7,2279381.65
2025-01-06,1,1,0,0,7315,1,0,0,0,0,7315,2286696.65
2025-01-07,2,1,0,0,3758,1,6061,1,0,0,-2303,2284393.65
2025-01-08,3,1,0,0,3624,1,0,0,0,0,3624,2288017.65
2025-01-09,4,1,0,0,11429,1,0,0,0,0,11429,2299446.65
2025-01-10,5,1,0,0,12585,1,0,0,0,0,12585,2312031.65
2025-01-11,6,1,1,0,7440,1,6716,1,0,0,724,2312755.65
2025-01-12,0,1,1,0,5103,1,0,0,0,0,5103,2317858.65
2025-01-13,1,1,0,0,5888,1,5356,1,0,0,532,2318390.65
2025-01-14,2,1,0,0,9083,1,0,0,0,0,9083,2327473.65
2025-01-15,3,1,0,0,9773,1,0,0,5572.4,1,4200.6,2331674.25
2025-01-16,4,1,0,0,5551,1,6688,1,0,0,-1137,2330537.25
2025-01-17,5,1,0,0,7195,1,0,0,0,0,7195,2337732.25
2025-01-18,6,1,1,0,10296,1,5049,1,0,0,5247,2342979.25
2025-01-19,0,1,1,0,5369,1,0,0,0,0,5369,2348348.25
2025-01-20,1,1,0,0,4400,1,3234,1,1459.23,1,-293.23,2348055.02
2025-01-21,2,1,0,0,9322,1,0,0,0,0,9322,2357377.02
2025-01-22,3,1,0,0,4850,1,0,0,0,0,4850,2362227.02
2025-01-23,4,1,0,0,10193,1,0,0,0,0,10193,2372420.02
2025-01-24,5,1,0,0,9616,1,0,0,0,0,9616,2382036.02
2025-01-25,6,1,1,0,13318,1,0,0,0,0,13318,2395354.02
2025-01-26,0,1,1,0,2812,1,0,0,0,0,2812,2398166.02
2025-01-27,1,1,0,0,5272,1,6190,1,0,0,-918,2397248.02
2025-01-28,2,1,0,0,9155,1,0,0,0,0,9155,2406403.02
2025-01-29,3,1,0,0,8002,1,0,0,0,0,8002,2414405.02
2025-01-30,4,1,0,0,7245,1,3738,1,0,0,3507,2417912.02
2025-01-31,5,1,0,0,5960,1,0,0,4828.99,1,1131.01,2419043.03
2025-02-01,6,2,1,0,7301,1,5886,1,6181.18,1,-4766.18,2414276.85
2025-02-02,0,2,1,0,4620,1,0,0,0,0,4620,2418896.85
2025-02-03,1,2,0,0,6836,1,0,0,0,0,6836,2425732.85
2025-02-04,2,2,0,0,4464,1,5729,1,0,0,-1265,2424467.85
2025-02-05,3,2,0,1,9975,1,0,0,0,0,9975,2434442.85
2025-02-06,4,2,0,0,7084,1,0,0,0,0,7084,2441526.85
2025-02-07,5,2,0,0,8414,1,7501,1,0,0,913,2442439.85
2025-02-08,6,2,1,0,7616,1,0,0,0,0,7616,2450055.85
2025-02-09,0,2,1,0,5066,1,4380,1,0,0,686,2450741.85
2025-02-10,1,2,0,0,8787,1,0,0,0,0,8787,2459528.85
2025-02-11,2,2,0,0,6732,1,6605,1,0,0,127,2459655.85
2025-02-12,3,2,0,0,6008,1,0,0,0,0,6008,2465663.85
2025-02-13,4,2,0,0,6451,1,0,0,0,0,6451,2472114.85
2025-02-14,5,2,0,0,6630,1,0,0,0,0,6630,2478744.85
2025-02-15,6,2,1,0,6233,1,5496,1,6087.11,1,-5350.11,2473394.74
2025-02-16,0,2,1,0,7523,1,0,0,0,0,7523,2480917.74
2025-02-17,1,2,0,0,3278,1,3341,1,0,0,-63,2480854.74
2025-02-18,2,2,0,0,5766,1,0,0,0,0,5766,2486620.74
2025-02-19,3,2,0,0,6326,1,3118,1,0,0,3208,2489828.74
2025-02-20,4,2,0,0,5648,1,0,0,1496.62,1,4151.38,2493980.12
2025-02-21,5,2,0,0,8703,1,5046,1,0,0,3657,2497637.12
2025-02-22,6,2,1,0,12669,1,0,0,0,0,12669,2510306.12
2025-02-23,0,2,1,0,4604,1,0,0,0,0,4604,2514910.12
2025-02-24,1,2,0,0,3836,1,0,0,0,0,3836,2518746.12
2025-02-25,2,2,0,0,3866,1,4782,1,0,0,-916,2517830.12
2025-02-26,3,2,0,0,4431,1,0,0,0,0,4431,2522261.12
2025-02-27,4,2,0,0,4149,1,0,0,0,0,4149,2526410.12
2025-02-28,5,2,0,0,12206,1,6388,1,5651.57,1,166.43,2526576.55
2025-03-01,6,3,1,0,14275,1,0,0,6009.32,1,8265.68,2534842.23
2025-03-02,0,3,1,0,7230,1,0,0,0,0,7230,2542072.23
2025-03-03,1,3,0,0,5689,1,0,0,0,0,5689,2547761.23
2025-03-04,2,3,0,0,7442,1,6713,1,0,0,729,2548490.23
2025-03-05,3,3,0,0,6682,1,0,0,0,0,6682,2555172.23
2025-03-06,4,3,0,0,4734,1,7666,1,0,0,-2932,2552240.23
2025-03-07,5,3,0,0,12835,1,0,0,0,0,12835,2565075.23
2025-03-08,6,3,1,0,5653,1,4173,1,0,0,1480,2566555.23
2025-03-09,0,3,1,0,4837,1,0,0,0,0,4837,2571392.23
2025-03-10,1,3,0,0,5831,1,3373,1,0,0,2458,2573850.23
2025-03-11,2,3,0,0,3216,1,0,0,0,0,3216,2577066.23
2025-03-12,3,3,0,0,8891,1,0,0,0,0,8891,2585957.23
2025-03-13,4,3,0,0,5703,1,3530,1,0,0,2173,2588130.23
2025-03-14,5,3,0,0,10983,1,0,0,0,0,10983,2599113.23
2025-03-15,6,3,1,0,4692,1,3197,1,4284.31,1,-2789.31,2596323.92
2025-03-16,0,3,1,0,3284,1,0,0,0,0,3284,2599607.92
2025-03-17,1,3,0,0,3810,1,5106,1,0,0,-1296,2598311.92
2025-03-18,2,3,0,0,3292,1,0,0,0,0,3292,2601603.92
2025-03-19,3,3,0,0,6052,1,4066,1,0,0,1986,2603589.92
2025-03-20,4,3,0,0,4985,1,0,0,838.51,1,4146.49,2607736.41
2025-03-21,5,3,0,1,5617,1,7401,1,0,0,-1784,2605952.41
2025-03-22,6,3,1,0,13724,1,0,0,0,0,13724,2619676.41
2025-03-23,0,3,1,0,3670,1,3677,1,0,0,-7,2619669.41
2025-03-24,1,3,0,0,8410,1,0,0,0,0,8410,2628079.41
2025-03-25,2,3,0,0,3193,1,3020,1,0,0,173,2628252.41
2025-03-26,3,3,0,0,5358,1,0,0,0,0,5358,2633610.41
2025-03-27,4,3,0,0,9591,1,0,0,0,0,9591,2643201.41
2025-03-28,5,3,0,0,4900,1,4002,1,0,0,898,2644099.41
2025-03-29,6,3,1,0,9184,1,0,0,0,0,9184,2653283.41
2025-03-30,0,3,1,0,2670,1,3090,1,0,0,-420,2652863.41
2025-03-31,1,3,0,0,3124,1,0,0,6255.36,1,-3131.36,2649732.05
2025-04-01,2,4,0,0,9164,1,7759,1,6145.28,1,-4740.28,2644991.77
2025-04-02,3,4,0,0,3887,1,0,0,0,0,3887,2648878.77
2025-04-03,4,4,0,0,3709,1,0,0,0,0,3709,2652587.77
2025-04-04,5,4,0,0,11143,1,3067,1,0,0,8076,2660663.77
2025-04-05,6,4,1,0,11071,1,0,0,0,0,11071,2671734.77
2025-04-06,0,4,1,0,3246,1,4711,1,0,0,-1465,2670269.77
2025-04-07,1,4,0,0,5204,1,0,0,0,0,5204,2675473.77
2025-04-08,2,4,0,0,7824,1,6071,1,0,0,1753,2677226.77
2025-04-09,3,4,0,0,5458,1,0,0,0,0,5458,2682684.77
2025-04-10,4,4,0,0,7036,1,0,0,0,0,7036,2689720.77
2025-04-11,5,4,0,0,6752,1,7856,1,0,0,-1104,2688616.77
2025-04-12,6,4,1,0,5247,1,0,0,0,0,5247,2693863.77
2025-04-13,0,4,1,0,3401,1,6412,1,0,0,-3011,2690852.77
2025-04-14,1,4,0,0,3885,1,0,0,0,0,3885,2694737.77
2025-04-15,2,4,0,0,9825,1,0,0,4376.29,1,5448.71,2700186.48
2025-04-16,3,4,0,0,4878,1,5401,1,0,0,-523,2699663.48
2025-04-17,4,4,0,0,10401,1,0,0,0,0,10401,2710064.48
2025-04-18,5,4,0,0,8504,1,7219,1,0,0,1285,2711349.48
2025-04-19,6,4,1,0,13619,1,0,0,0,0,13619,2724968.48
2025-04-20,0,4,1,0,7584,1,6485,1,1265.68,1,-166.68,2724801.8
2025-04-21,1,4,0,0,3211,1,0,0,0,0,3211,2728012.8
2025-04-22,2,4,0,0,9825,1,5507,1,0,0,4318,2732330.8
2025-04-23,3,4,0,0,6790,1,0,0,0,0,6790,2739120.8
2025-04-24,4,4,0,0,4354,1,3589,1,0,0,765,2739885.8
2025-04-25,5,4,0,0,7739,1,0,0,0,0,7739,2747624.8
2025-04-26,6,4,1,0,5279,1,0,0,0,0,5279,2752903.8
2025-04-27,0,4,1,0,3545,1,3708,1,0,0,-163,2752740.8
2025-04-28,1,4,0,0,5562,1,0,0,0,0,5562,2758302.8
2025-04-29,2,4,0,0,3893,1,3790,1,0,0,103,2758405.8
2025-04-30,3,4,0,0,6733,1,0,0,4637.96,1,2095.04,2760500.84
2025-05-01,4,5,0,1,2060,1,4315,1,5877.66,1,-8132.66,2752368.18
2025-05-02,5,5,0,0,8752,1,0,0,0,0,8752,2761120.18
2025-05-03,6,5,1,0,8889,1,4203,1,0,0,4686,2765806.18
2025-05-04,0,5,1,0,7416,1,0,0,0,0,7416,2773222.18
2025-05-05,1,5,0,0,6829,1,7187,1,0,0,-358,2772864.18
2025-05-06,2,5,0,0,9306,1,0,0,0,0,9306,2782170.18
2025-05-07,3,5,0,0,7707,1,0,0,0,0,7707,2789877.18
2025-05-08,4,5,0,0,4165,1,0,0,0,0,4165,2794042.18
2025-05-09,5,5,0,0,9898,1,0,0,0,0,9898,2803940.18
2025-05-10,6,5,1,1,19026,1,4092,1,0,0,14934,2818874.18
2025-05-11,0,5,1,0,4599,1,0,0,0,0,4599,2823473.18
2025-05-12,1,5,0,0,3477,1,7049,1,0,0,-3572,2819901.18
2025-05-13,2,5,0,0,8550,1,0,0,0,0,8550,2828451.18
2025-05-14,3,5,0,0,3833,1,4342,1,0,0,-509,2827942.18
2025-05-15,4,5,0,0,4732,1,0,0,5738.57,1,-1006.57,2826935.61
2025-05-16,5,5,0,0,8798,1,3968,1,0,0,4830,2831765.61
2025-05-17,6,5,1,0,12999,1,0,0,0,0,12999,2844764.61
2025-05-18,0,5,1,0,2800,1,0,0,0,0,2800,2847564.61
2025-05-19,1,5,0,0,3154,1,4392,1,0,0,-1238,2846326.61
2025-05-20,2,5,0,0,6467,1,0,0,1408.88,1,5058.12,2851384.73
2025-05-21,3,5,0,0,9436,1,5500,1,0,0,3936,2855320.73
2025-05-22,4,5,0,0,8693,1,0,0,0,0,8693,2864013.73
2025-05-23,5,5,0,0,11624,1,0,0,0,0,11624,2875637.73
2025-05-24,6,5,1,0,10244,1,4568,1,0,0,5676,2881313.73
2025-05-25,0,5,1,0,3066,1,0,0,0,0,3066,2884379.73
2025-05-26,1,5,0,0,8259,1,3833,1,0,0,4426,2888805.73
2025-05-27,2,5,0,0,3581,1,0,0,0,0,3581,2892386.73
2025-05-28,3,5,0,0,5743,1,5142,1,0,0,601,2892987.73
2025-05-29,4,5,0,0,5196,1,0,0,0,0,5196,2898183.73
2025-05-30,5,5,0,0,6216,1,5072,1,0,0,1144,2899327.73
2025-05-31,6,5,1,0,12178,1,0,0,4651.22,1,7526.78,2906854.51
2025-06-01,0,6,1,0,3516,1,7190,1,5998.45,1,-9672.45,2897182.06
2025-06-02,1,6,0,0,7391,1,0,0,0,0,7391,2904573.06
2025-06-03,2,6,0,0,4914,1,3566,1,0,0,1348,2905921.06
2025-06-04,3,6,0,0,7777,1,0,0,0,0,7777,2913698.06
2025-06-05,4,6,0,0,11251,1,0,0,0,0,11251,2924949.06
2025-06-06,5,6,0,0,10217,1,0,0,0,0,10217,2935166.06
2025-06-07,6,6,1,0,8080,1,0,0,0,0,8080,2943246.06
2025-06-08,0,6,1,0,3127,1,6484,1,0,0,-3357,2939889.06
2025-06-09,1,6,0,0,5862,1,0,0,0,0,5862,2945751.06
2025-06-10,2,6,0,0,4407,1,6918,1,0,0,-2511,2943240.06
2025-06-11,3,6,0,0,8525,1,0,0,0,0,8525,2951765.06
2025-06-12,4,6,0,0,4482,1,4101,1,0,0,381,2952146.06
2025-06-13,5,6,0,0,9042,1,0,0,0,0,9042,2961188.06
2025-06-14,6,6,1,0,9561,1,0,0,0,0,9561,2970749.06
2025-06-15,0,6,1,0,4370,1,4632,1,6793.23,1,-7055.23,2963693.83
2025-06-16,1,6,0,0,5798,1,0,0,0,0,5798,2969491.83
2025-06-17,2,6,0,0,3176,1,4207,1,0,0,-1031,2968460.83
2025-06-18,3,6,0,0,7681,1,0,0,0,0,7681,2976141.83
2025-06-19,4,6,0,0,6423,1,4634,1,0,0,1789,2977930.83
2025-06-20,5,6,0,0,9279,1,0,0,1275.34,1,8003.66,2985934.49
2025-06-21,6,6,1,0,5589,1,0,0,0,0,5589,2991523.49
2025-06-22,0,6,1,0,7076,1,0,0,0,0,7076,2998599.49
2025-06-23,1,6,0,0,8339,1,0,0,0,0,8339,3006938.49
2025-06-24,2,6,0,0,3974,1,0,0,0,0,3974,3010912.49
2025-06-25,3,6,0,0,9612,1,7440,1,0,0,2172,3013084.49
2025-06-26,4,6,0,0,4745,1,0,0,0,0,4745,3017829.49
2025-06-27,5,6,0,0,12476,1,6776,1,0,0,5700,3023529.49
2025-06-28,6,6,1,0,11991,1,0,0,0,0,11991,3035520.49
2025-06-29,0,6,1,0,7005,1,3758,1,0,0,3247,3038767.49
2025-06-30,1,6,0,0,5383,1,0,0,5036.19,1,346.81,3039114.3
2025-07-01,2,7,0,0,3689,1,7997,1,5914.5,1,-10222.5,3028891.8
2025-07-02,3,7,0,0,6773,1,0,0,0,0,6773,3035664.8
2025-07-03,4,7,0,0,9474,1,6893,1,0,0,2581,3038245.8
2025-07-04,5,7,0,0,4688,1,0,0,0,0,4688,3042933.8
2025-07-05,6,7,1,0,6036,1,0,0,0,0,6036,3048969.8
2025-07-06,0,7,1,0,4717,1,4534,1,0,0,183,3049152.8
2025-07-07,1,7,0,0,7883,1,0,0,0,0,7883,3057035.8
2025-07-08,2,7,0,0,4978,1,4366,1,0,0,612,3057647.8
2025-07-09,3,7,0,0,4023,1,0,0,0,0,4023,3061670.8
2025-07-10,4,7,0,0,8061,1,0,0,0,0,8061,3069731.8
2025-07-11,5,7,0,0,6807,1,4036,1,0,0,2771,3072502.8
2025-07-12,6,7,1,0,6478,1,0,0,0,0,6478,3078980.8
2025-07-13,0,7,1,0,3962,1,0,0,0,0,3962,3082942.8
2025-07-14,1,7,0,0,3832,1,7032,1,0,0,-3200,3079742.8
2025-07-15,2,7,0,0,9058,1,0,0,6429.27,1,2628.73,3082371.53
2025-07-16,3,7,0,0,7187,1,0,0,0,0,7187,3089558.53
2025-07-17,4,7,0,0,6458,1,3021,1,0,0,3437,3092995.53
2025-07-18,5,7,0,0,10703,1,0,0,0,0,10703,3103698.53
2025-07-19,6,7,1,0,12580,1,0,0,0,0,12580,3116278.53
2025-07-20,0,7,1,0,5875,1,6652,1,1036.94,1,-1813.94,3114464.59
2025-07-21,1,7,0,0,7591,1,0,0,0,0,7591,3122055.59
2025-07-22,2,7,0,0,8907,1,0,0,0,0,8907,3130962.59
2025-07-23,3,7,0,0,4405,1,4563,1,0,0,-158,3130804.59
2025-07-24,4,7,0,0,9915,1,0,0,0,0,9915,3140719.59
2025-07-25,5,7,0,0,8115,1,5900,1,0,0,2215,3142934.59
2025-07-26,6,7,1,0,9959,1,0,0,0,0,9959,3152893.59
2025-07-27,0,7,1,0,3177,1,7861,1,0,0,-4684,3148209.59
2025-07-28,1,7,0,0,5934,1,0,0,0,0,5934,3154143.59
2025-07-29,2,7,0,0,3547,1,3486,1,0,0,61,3154204.59
2025-07-30,3,7,0,0,5562,1,0,0,0,0,5562,3159766.59
2025-07-31,4,7,0,0,9420,1,0,0,4682.57,1,4737.43,3164504.02
2025-08-01,5,8,0,0,8110,1,6838,1,5894.56,1,-4622.56,3159881.46
2025-08-02,6,8,1,0,7527,1,0,0,0,0,7527,3167408.46
2025-08-03,0,8,1,0,5625,1,3028,1,0,0,2597,3170005.46
2025-08-04,1,8,0,0,6142,1,0,0,0,0,6142,3176147.46
2025-08-05,2,8,0,0,3963,1,0,0,0,0,3963,3180110.46
2025-08-06,3,8,0,0,5256,1,4872,1,0,0,384,3180494.46
2025-08-07,4,8,0,0,4839,1,0,0,0,0,4839,3185333.46
2025-08-08,5,8,0,0,9182,1,4073,1,0,0,5109,3190442.46
2025-08-09,6,8,1,0,7321,1,0,0,0,0,7321,3197763.46
2025-08-10,0,8,1,0,3479,1,0,0,0,0,3479,3201242.46
2025-08-11,1,8,0,0,7344,1,0,0,0,0,7344,3208586.46
2025-08-12,2,8,0,0,5837,1,5805,1,0,0,32,3208618.46
2025-08-13,3,8,0,0,7015,1,0,0,0,0,7015,3215633.46
2025-08-14,4,8,0,0,4699,1,3089,1,0,0,1610,3217243.46
2025-08-15,5,8,0,0,8915,1,0,0,6991.82,1,1923.18,3219166.64
2025-08-16,6,8,1,0,10171,1,0,0,0,0,10171,3229337.64
2025-08-17,0,8,1,0,7476,1,0,0,0,0,7476,3236813.64
2025-08-18,1,8,0,0,4958,1,6034,1,0,0,-1076,3235737.64
2025-08-19,2,8,0,0,6524,1,0,0,0,0,6524,3242261.64
2025-08-20,3,8,0,0,4833,1,0,0,1155.25,1,3677.75,3245939.39
2025-08-21,4,8,0,0,7785,1,0,0,0,0,7785,3253724.39
2025-08-22,5,8,0,0,8525,1,6366,1,0,0,2159,3255883.39
2025-08-23,6,8,1,0,5902,1,0,0,0,0,5902,3261785.39
2025-08-24,0,8,1,0,7213,1,0,0,0,0,7213,3268998.39
2025-08-25,1,8,0,0,8541,1,0,0,0,0,8541,3277539.39
2025-08-26,2,8,0,0,4493,1,6982,1,0,0,-2489,3275050.39
2025-08-27,3,8,0,0,7133,1,0,0,0,0,7133,3282183.39
2025-08-28,4,8,0,0,10939,1,0,0,0,0,10939,3293122.39
2025-08-29,5,8,0,0,13410,1,7118,1,0,0,6292,3299414.39
2025-08-30,6,8,1,0,7198,1,0,0,0,0,7198,3306612.39
2025-08-31,0,8,1,0,6791,1,3669,1,4580.39,1,-1458.39,3305154
2025-09-01,1,9,0,0,4231,1,0,0,5943.69,1,-1712.69,3303441.31
2025-09-02,2,9,0,0,5490,1,6176,1,0,0,-686,3302755.31
2025-09-03,3,9,0,0,4935,1,0,0,0,0,4935,3307690.31
2025-09-04,4,9,0,0,4397,1,4203,1,0,0,194,3307884.31
2025-09-05,5,9,0,0,11989,1,0,0,0,0,11989,3319873.31
2025-09-06,6,9,1,0,12234,1,0,0,0,0,12234,3332107.31
2025-09-07,0,9,1,0,6121,1,0,0,0,0,6121,3338228.31
2025-09-08,1,9,0,0,6391,1,5467,1,0,0,924,3339152.31
2025-09-09,2,9,0,0,4796,1,0,0,0,0,4796,3343948.31
2025-09-10,3,9,0,0,9065,1,5987,1,0,0,3078,3347026.31
2025-09-11,4,9,0,0,6483,1,0,0,0,0,6483,3353509.31
2025-09-12,5,9,0,0,9971,1,0,0,0,0,9971,3363480.31
2025-09-13,6,9,1,0,6202,1,0,0,0,0,6202,3369682.31
2025-09-14,0,9,1,0,4872,1,0,0,0,0,4872,3374554.31
2025-09-15,1,9,0,0,6644,1,3960,1,6633.66,1,-3949.66,3370604.65
2025-09-16,2,9,0,1,4834,1,0,0,0,0,4834,3375438.65
2025-09-17,3,9,0,0,8871,1,4400,1,0,0,4471,3379909.65
2025-09-18,4,9,0,0,7474,1,0,0,0,0,7474,3387383.65
2025-09-19,5,9,0,0,10863,1,7177,1,0,0,3686,3391069.65
2025-09-20,6,9,1,0,12236,1,0,0,892.15,1,11343.85,3402413.5
2025-09-21,0,9,1,0,4967,1,3338,1,0,0,1629,3404042.5
2025-09-22,1,9,0,0,6922,1,0,0,0,0,6922,3410964.5
2025-09-23,2,9,0,0,5281,1,6121,1,0,0,-840,3410124.5
2025-09-24,3,9,0,0,5115,1,0,0,0,0,5115,3415239.5
2025-09-25,4,9,0,0,6045,1,0,0,0,0,6045,3421284.5
2025-09-26,5,9,0,0,13744,1,4379,1,0,0,9365,3430649.5
2025-09-27,6,9,1,0,10389,1,0,0,0,0,10389,3441038.5
2025-09-28,0,9,1,0,5962,1,7325,1,0,0,-1363,3439675.5
2025-09-29,1,9,0,0,6726,1,0,0,0,0,6726,3446401.5
2025-09-30,2,9,0,0,8510,1,5467,1,5185.75,1,-2142.75,3444258.75
2025-10-01,3,10,0,0,10429,1,0,0,6022.46,1,4406.54,3448665.29
2025-10-02,4,10,0,0,8657,1,5607,1,0,0,3050,3451715.29
2025-10-03,5,10,0,0,5953,1,0,0,0,0,5953,3457668.29
2025-10-04,6,10,1,0,12600,1,7770,1,0,0,4830,3462498.29
2025-10-05,0,10,1,0,6238,1,0,0,0,0,6238,3468736.29
2025-10-06,1,10,0,0,7484,1,0,0,0,0,7484,3476220.29
2025-10-07,2,10,0,0,7375,1,3953,1,0,0,3422,3479642.29
2025-10-08,3,10,0,0,8761,1,0,0,0,0,8761,3488403.29
2025-10-09,4,10,0,0,6606,1,0,0,0,0,6606,3495009.29
2025-10-10,5,10,0,0,5480,1,3769,1,0,0,1711,3496720.29
2025-10-11,6,10,1,0,14281,1,0,0,0,0,14281,3511001.29
2025-10-12,0,10,1,0,4007,1,0,0,0,0,4007,3515008.29
2025-10-13,1,10,0,0,6634,1,0,0,0,0,6634,3521642.29
2025-10-14,2,10,0,0,4381,1,0,0,0,0,4381,3526023.29
2025-10-15,3,10,0,0,5088,1,5479,1,5203.99,1,-5594.99,3520428.3
2025-10-16,4,10,0,0,7212,1,0,0,0,0,7212,3527640.3
2025-10-17,5,10,0,0,10099,1,0,0,0,0,10099,3537739.3
2025-10-18,6,10,1,0,8518,1,3541,1,0,0,4977,3542716.3
2025-10-19,0,10,1,0,2956,1,0,0,0,0,2956,3545672.3
2025-10-20,1,10,0,0,4026,1,6767,1,1060.17,1,-3801.17,3541871.13
2025-10-21,2,10,0,0,8526,1,0,0,0,0,8526,3550397.13
2025-10-22,3,10,0,0,3508,1,0,0,0,0,3508,3553905.13
2025-10-23,4,10,0,0,4477,1,0,0,0,0,4477,3558382.13
2025-10-24,5,10,0,0,5510,1,0,0,0,0,5510,3563892.13
2025-10-25,6,10,1,0,9465,1,7599,1,0,0,1866,3565758.13
2025-10-26,0,10,1,0,6910,1,0,0,0,0,6910,3572668.13
2025-10-27,1,10,0,0,5274,1,5534,1,0,0,-260,3572408.13
2025-10-28,2,10,0,0,4968,1,0,0,0,0,4968,3577376.13
2025-10-29,3,10,0,0,8906,1,0,0,0,0,8906,3586282.13
2025-10-30,4,10,0,0,8830,1,4037,1,0,0,4793,3591075.13
2025-10-31,5,10,0,0,9710,1,0,0,5313.67,1,4396.33,3595471.46
2025-11-01,6,11,1,0,9253,1,0,0,5951.24,1,3301.76,3598773.22
2025-11-02,0,11,1,1,9627,1,0,0,0,0,9627,3608400.22
2025-11-03,1,11,0,0,3573,1,0,0,0,0,3573,3611973.22
2025-11-04,2,11,0,0,3983,1,6306,1,0,0,-2323,3609650.22
2025-11-05,3,11,0,0,5074,1,0,0,0,0,5074,3614724.22
2025-11-06,4,11,0,0,5313,1,0,0,0,0,5313,3620037.22
2025-11-07,5,11,0,0,12166,1,4576,1,0,0,7590,3627627.22
2025-11-08,6,11,1,0,7342,1,0,0,0,0,7342,3634969.22
2025-11-09,0,11,1,0,8085,1,7605,1,0,0,480,3635449.22
2025-11-10,1,11,0,0,7394,1,0,0,0,0,7394,3642843.22
2025-11-11,2,11,0,0,7655,1,0,0,0,0,7655,3650498.22
2025-11-12,3,11,0,0,6927,1,0,0,0,0,6927,3657425.22
2025-11-13,4,11,0,0,10781,1,0,0,0,0,10781,3668206.22
2025-11-14,5,11,0,0,9694,1,7067,1,0,0,2627,3670833.22
2025-11-15,6,11,1,0,13454,1,0,0,5208.13,1,8245.87,3679079.09
2025-11-16,0,11,1,0,5911,1,0,0,0,0,5911,3684990.09
2025-11-17,1,11,0,0,7686,1,6263,1,0,0,1423,3686413.09
2025-11-18,2,11,0,0,9605,1,0,0,0,0,9605,3696018.09
2025-11-19,3,11,0,0,9409,1,0,0,0,0,9409,3705427.09
2025-11-20,4,11,0,1,8719,1,7533,1,1060.31,1,125.69,3705552.78
2025-11-21,5,11,0,0,6024,1,0,0,0,0,6024,3711576.78
2025-11-22,6,11,1,0,4608,1,0,0,0,0,4608,3716184.78
2025-11-23,0,11,1,0,2949,1,0,0,0,0,2949,3719133.78
2025-11-24,1,11,0,0,5278,1,0,0,0,0,5278,3724411.78
2025-11-25,2,11,0,0,3788,1,4044,1,0,0,-256,3724155.78
2025-11-26,3,11,0,0,9223,1,0,0,0,0,9223,3733378.78
2025-11-27,4,11,0,0,7334,1,0,0,0,0,7334,3740712.78
2025-11-28,5,11,0,0,10863,1,4936,1,0,0,5927,3746639.78
2025-11-29,6,11,1,0,12974,1,0,0,0,0,12974,3759613.78
2025-11-30,0,11,1,0,5824,1,0,0,6164.56,1,-340.56,3759273.22
2025-12-01,1,12,0,0,7790,1,6120,1,5948.42,1,-4278.42,3754994.8
2025-12-02,2,12,0,0,5690,1,0,0,0,0,5690,3760684.8
2025-12-03,3,12,0,0,8305,1,3488,1,0,0,4817,3765501.8
2025-12-04,4,12,0,0,10378,1,0,0,0,0,10378,3775879.8
2025-12-05,5,12,0,0,11125,1,0,0,0,0,11125,3787004.8
2025-12-06,6,12,1,0,10667,1,0,0,0,0,10667,3797671.8
2025-12-07,0,12,1,0,5879,1,0,0,0,0,5879,3803550.8
2025-12-08,1,12,0,0,4260,1,4332,1,0,0,-72,3803478.8
2025-12-09,2,12,0,0,4195,1,0,0,0,0,4195,3807673.8
2025-12-10,3,12,0,0,6876,1,5746,1,0,0,1130,3808803.8
2025-12-11,4,12,0,0,9630,1,0,0,0,0,9630,3818433.8
2025-12-12,5,12,0,0,6118,1,7086,1,0,0,-968,3817465.8
2025-12-13,6,12,1,0,5810,1,0,0,0,0,5810,3823275.8
2025-12-14,0,12,1,0,6400,1,0,0,0,0,6400,3829675.8
2025-12-15,1,12,0,0,6523,1,5526,1,6581.74,1,-5584.74,3824091.06
2025-12-16,2,12,0,0,8319,1,0,0,0,0,8319,3832410.06
2025-12-17,3,12,0,0,7333,1,0,0,0,0,7333,3839743.06
2025-12-18,4,12,0,0,5135,1,0,0,0,0,5135,3844878.06
2025-12-19,5,12,0,0,9163,1,0,0,0,0,9163,3854041.06
2025-12-20,6,12,1,0,11249,1,3610,1,1014.75,1,6624.25,3860665.31
2025-12-21,0,12,1,0,3141,1,0,0,0,0,3141,3863806.31
2025-12-22,1,12,0,0,6763,1,0,0,0,0,6763,3870569.31
2025-12-23,2,12,0,0,8417,1,0,0,0,0,8417,3878986.31
2025-12-24,3,12,0,0,10184,1,0,0,0,0,10184,3889170.31
2025-12-25,4,12,0,1,2180,1,0,0,0,0,2180,3891350.31
2025-12-26,5,12,0,0,10793,1,3657,1,0,0,7136,3898486.31
2025-12-27,6,12,1,0,12729,1,0,0,0,0,12729,3911215.31
2025-12-28,0,12,1,0,6475,1,0,0,0,0,6475,3917690.31
2025-12-29,1,12,0,0,4879,1,6382,1,0,0,-1503,3916187.31
2025-12-30,2,12,0,0,7469,1,0,0,0,0,7469,3923656.31
2025-12-31,3,12,0,0,5175,1,3846,1,5699.04,1,-4370.04,3919286.27
2026-01-01,4,1,0,1,3133,1,0,0,6123.5,1,-2990.5,3916295.77
2026-01-02,5,1,0,0,5001,1,0,0,0,0,5001,3921296.77
2026-01-03,6,1,1,0,5678,1,6734,1,0,0,-1056,3920240.77
2026-01-04,0,1,1,0,5679,1,0,0,0,0,5679,3925919.77
2026-01-05,1,1,0,0,6738,1,0,0,0,0,6738,3932657.77
2026-01-06,2,1,0,0,6412,1,3864,1,0,0,2548,3935205.77
2026-01-07,3,1,0,0,4039,1,0,0,0,0,4039,3939244.77
2026-01-08,4,1,0,0,6162,1,3174,1,0,0,2988,3942232.77
2026-01-09,5,1,0,0,12041,1,0,0,0,0,12041,3954273.77
2026-01-10,6,1,1,0,11126,1,3270,1,0,0,7856,3962129.77
2026-01-11,0,1,1,0,3258,1,0,0,0,0,3258,3965387.77
2026-01-12,1,1,0,0,4461,1,4354,1,0,0,107,3965494.77
2026-01-13,2,1,0,0,9533,1,0,0,0,0,9533,3975027.77
2026-01-14,3,1,0,0,7963,1,5861,1,0,0,2102,3977129.77
2026-01-15,4,1,0,0,4169,1,0,0,5997.71,1,-1828.71,3975301.06
2026-01-16,5,1,0,0,8988,1,6431,1,0,0,2557,3977858.06
2026-01-17,6,1,1,0,8103,1,0,0,0,0,8103,3985961.06
2026-01-18,0,1,1,0,8040,1,0,0,0,0,8040,3994001.06
2026-01-19,1,1,0,0,3539,1,0,0,0,0,3539,3997540.06
2026-01-20,2,1,0,0,8320,1,0,0,920.2,1,7399.8,4004939.86
2026-01-21,3,1,0,0,8946,1,6283,1,0,0,2663,4007602.86
2026-01-22,4,1,0,0,9196,1,0,0,0,0,9196,4016798.86
2026-01-23,5,1,0,0,4736,1,0,0,0,0,4736,4021534.86
2026-01-24,6,1,1,0,9069,1,0,0,0,0,9069,4030603.86
2026-01-25,0,1,1,0,5996,1,5039,1,0,0,957,4031560.86
2026-01-26,1,1,0,0,4436,1,0,0,0,0,4436,4035996.86
2026-01-27,2,1,0,0,9772,1,7017,1,0,0,2755,4038751.86
2026-01-28,3,1,0,0,10445,1,0,0,0,0,10445,4049196.86
2026-01-29,4,1,0,0,8238,1,0,0,0,0,8238,4057434.86
2026-01-30,5,1,0,0,10821,1,6080,1,0,0,4741,4062175.86
2026-01-31,6,1,1,0,6514,1,0,0,6535.21,1,-21.21,4062154.65
2026-02-01,0,2,1,0,5751,1,5451,1,6055.5,1,-5755.5,4056399.15
2026-02-02,1,2,0,0,3679,1,0,0,0,0,3679,4060078.15
2026-02-03,2,2,0,0,6520,1,6198,1,0,0,322,4060400.15
2026-02-04,3,2,0,0,3335,1,0,0,0,0,3335,4063735.15
2026-02-05,4,2,0,1,8855,1,6906,1,0,0,1949,4065684.15
2026-02-06,5,2,0,0,5222,1,0,0,0,0,5222,4070906.15
2026-02-07,6,2,1,0,13413,1,4455,1,0,0,8958,4079864.15
2026-02-08,0,2,1,0,7334,1,0,0,0,0,7334,4087198.15
2026-02-09,1,2,0,0,7067,1,5041,1,0,0,2026,4089224.15
2026-02-10,2,2,0,0,4867,1,0,0,0,0,4867,4094091.15
2026-02-11,3,2,0,0,10229,1,5253,1,0,0,4976,4099067.15
2026-02-12,4,2,0,0,5166,1,0,0,0,0,5166,4104233.15
2026-02-13,5,2,0,0,5792,1,7681,1,0,0,-1889,4102344.15
2026-02-14,6,2,1,0,8645,1,0,0,0,0,8645,4110989.15
2026-02-15,0,2,1,0,6671,1,5388,1,4671.01,1,-3388.01,4107601.14
2026-02-16,1,2,0,0,6661,1,0,0,0,0,6661,4114262.14
2026-02-17,2,2,0,0,7294,1,7259,1,0,0,35,4114297.14
2026-02-18,3,2,0,0,6603,1,0,0,0,0,6603,4120900.14
2026-02-19,4,2,0,0,6521,1,3836,1,0,0,2685,4123585.14
2026-02-20,5,2,0,0,5398,1,0,0,1432.19,1,3965.81,4127550.95
2026-02-21,6,2,1,0,8537,1,0,0,0,0,8537,4136087.95
2026-02-22,0,2,1,0,5638,1,0,0,0,0,5638,4141725.95
2026-02-23,1,2,0,0,7867,1,0,0,0,0,7867,4149592.95
2026-02-24,2,2,0,0,6509,1,6723,1,0,0,-214,4149378.95
2026-02-25,3,2,0,0,10161,1,0,0,0,0,10161,4159539.95
2026-02-26,4,2,0,0,5970,1,0,0,0,0,5970,4165509.95
2026-02-27,5,2,0,0,11233,1,7419,1,0,0,3814,4169323.95
2026-02-28,6,2,1,0,11250,1,0,0,4094.96,1,7155.04,4176478.99
2026-03-01,0,3,1,0,6410,1,7083,1,5836.73,1,-6509.73,4169969.26
2026-03-02,1,3,0,0,7346,1,0,0,0,0,7346,4177315.26
2026-03-03,2,3,0,0,3604,1,0,0,0,0,3604,4180919.26
2026-03-04,3,3,0,0,8094,1,0,0,0,0,8094,4189013.26
2026-03-05,4,3,0,0,4025,1,0,0,0,0,4025,4193038.26
2026-03-06,5,3,0,0,5833,1,6269,1,0,0,-436,4192602.26
2026-03-07,6,3,1,0,11109,1,0,0,0,0,11109,4203711.26
2026-03-08,0,3,1,0,3112,1,0,0,0,0,3112,4206823.26
2026-03-09,1,3,0,0,8712,1,6689,1,0,0,2023,4208846.26
2026-03-10,2,3,0,0,5530,1,0,0,0,0,5530,4214376.26
2026-03-11,3,3,0,0,9011,1,0,0,0,0,9011,4223387.26
2026-03-12,4,3,0,0,4484,1,0,0,0,0,4484,4227871.26
2026-03-13,5,3,0,0,6306,1,5184,1,0,0,1122,4228993.26
2026-03-14,6,3,1,0,8744,1,0,0,0,0,8744,4237737.26
2026-03-15,0,3,1,0,3057,1,7792,1,6625.61,1,-11360.61,4226376.65
2026-03-16,1,3,0,0,5466,1,0,0,0,0,5466,4231842.65
2026-03-17,2,3,0,0,6314,1,3862,1,0,0,2452,4234294.65
2026-03-18,3,3,0,0,5420,1,0,0,0,0,5420,4239714.65
2026-03-19,4,3,0,0,6549,1,0,0,0,0,6549,4246263.65
2026-03-20,5,3,0,0,12596,1,3702,1,1188.74,1,7705.26,4253968.91
2026-03-21,6,3,1,1,6821,1,0,0,0,0,6821,4260789.91
2026-03-22,0,3,1,0,5881,1,4277,1,0,0,1604,4262393.91
2026-03-23,1,3,0,0,3794,1,0,0,0,0,3794,4266187.91
2026-03-24,2,3,0,0,3603,1,0,0,0,0,3603,4269790.91
2026-03-25,3,3,0,0,7754,1,6175,1,0,0,1579,4271369.91
2026-03-26,4,3,0,0,8667,1,0,0,0,0,8667,4280036.91
2026-03-27,5,3,0,0,10526,1,0,0,0,0,10526,4290562.91
2026-03-28,6,3,1,0,10206,1,4544,1,0,0,5662,4296224.91
2026-03-29,0,3,1,0,7651,1,0,0,0,0,7651,4303875.91
2026-03-30,1,3,0,0,4190,1,7852,1,0,0,-3662,4300213.91
2026-03-31,2,3,0,0,5894,1,0,0,4455.46,1,1438.54,4301652.45
2026-04-01,3,4,0,0,9623,1,0,0,5942.81,1,3680.19,4305332.64
2026-04-02,4,4,0,0,8500,1,5801,1,0,0,2699,4308031.64
2026-04-03,5,4,0,0,11660,1,0,0,0,0,11660,4319691.64
2026-04-04,6,4,1,0,14030,1,5599,1,0,0,8431,4328122.64
2026-04-05,0,4,1,0,3792,1,0,0,0,0,3792,4331914.64
2026-04-06,1,4,0,0,6465,1,0,0,0,0,6465,4338379.64
2026-04-07,2,4,0,0,6670,1,3734,1,0,0,2936,4341315.64
2026-04-08,3,4,0,0,5190,1,0,0,0,0,5190,4346505.64
2026-04-09,4,4,0,0,5655,1,6736,1,0,0,-1081,4345424.64
2026-04-10,5,4,0,0,9975,1,0,0,0,0,9975,4355399.64
2026-04-11,6,4,1,0,10313,1,0,0,0,0,10313,4365712.64
2026-04-12,0,4,1,0,2675,1,3795,1,0,0,-1120,4364592.64
2026-04-13,1,4,0,0,5616,1,0,0,0,0,5616,4370208.64
2026-04-14,2,4,0,0,5932,1,0,0,0,0,5932,4376140.64
2026-04-15,3,4,0,0,6442,1,7319,1,6100.09,1,-6977.09,4369163.55
2026-04-16,4,4,0,0,6016,1,0,0,0,0,6016,4375179.55
2026-04-17,5,4,0,0,12785,1,3804,1,0,0,8981,4384160.55
2026-04-18,6,4,1,0,5727,1,0,0,0,0,5727,4389887.55
2026-04-19,0,4,1,0,4331,1,3752,1,0,0,579,4390466.55
2026-04-20,1,4,0,0,4849,1,0,0,1433.68,1,3415.32,4393881.87
2026-04-21,2,4,0,0,7248,1,0,0,0,0,7248,4401129.87
2026-04-22,3,4,0,0,7660,1,6834,1,0,0,826,4401955.87
2026-04-23,4,4,0,0,6497,1,0,0,0,0,6497,4408452.87
2026-04-24,5,4,0,0,4920,1,6158,1,0,0,-1238,4407214.87
2026-04-25,6,4,1,0,7435,1,0,0,0,0,7435,4414649.87
2026-04-26,0,4,1,0,5127,1,4225,1,0,0,902,4415551.87
2026-04-27,1,4,0,0,3965,1,0,0,0,0,3965,4419516.87
2026-04-28,2,4,0,0,7691,1,6723,1,0,0,968,4420484.87
2026-04-29,3,4,0,0,6355,1,0,0,0,0,6355,4426839.87
2026-04-30,4,4,0,0,4614,1,0,0,6239.17,1,-1625.17,4425214.7
2026-05-01,5,5,0,1,6573,1,4911,1,6130.85,1,-4468.85,4420745.85
2026-05-02,6,5,1,0,11801,1,0,0,0,0,11801,4432546.85
2026-05-03,0,5,1,0,5315,1,6903,1,0,0,-1588,4430958.85
2026-05-04,1,5,0,0,7870,1,0,0,0,0,7870,4438828.85
2026-05-05,2,5,0,0,8895,1,0,0,0,0,8895,4447723.85
2026-05-06,3,5,0,0,8431,1,5910,1,0,0,2521,4450244.85
2026-05-07,4,5,0,0,10578,1,0,0,0,0,10578,4460822.85
2026-05-08,5,5,0,0,6719,1,5759,1,0,0,960,4461782.85
2026-05-09,6,5,1,0,5239,1,0,0,0,0,5239,4467021.85
2026-05-10,0,5,1,1,7776,1,3621,1,0,0,4155,4471176.85
2026-05-11,1,5,0,0,6650,1,0,0,0,0,6650,4477826.85
2026-05-12,2,5,0,0,5401,1,0,0,0,0,5401,4483227.85
2026-05-13,3,5,0,0,6927,1,6305,1,0,0,622,4483849.85
2026-05-14,4,5,0,0,6048,1,0,0,0,0,6048,4489897.85
2026-05-15,5,5,0,0,8418,1,0,0,4375.56,1,4042.44,4493940.29
2026-05-16,6,5,1,0,12116,1,6123,1,0,0,5993,4499933.29
2026-05-17,0,5,1,0,7077,1,0,0,0,0,7077,4507010.29
2026-05-18,1,5,0,0,7388,1,0,0,0,0,7388,4514398.29
2026-05-19,2,5,0,0,4410,1,0,0,0,0,4410,4518808.29
2026-05-20,3,5,0,0,4456,1,5842,1,1139.41,1,-2525.41,4516282.88
2026-05-21,4,5,0,0,9506,1,0,0,0,0,9506,4525788.88
2026-05-22,5,5,0,0,13544,1,3364,1,0,0,10180,4535968.88
2026-05-23,6,5,1,0,8097,1,0,0,0,0,8097,4544065.88
2026-05-24,0,5,1,0,6121,1,7744,1,0,0,-1623,4542442.88
2026-05-25,1,5,0,0,5457,1,0,0,0,0,5457,4547899.88
2026-05-26,2,5,0,0,6538,1,4379,1,0,0,2159,4550058.88
2026-05-27,3,5,0,0,9820,1,0,0,0,0,9820,4559878.88
2026-05-28,4,5,0,0,10154,1,5926,1,0,0,4228,4564106.88
2026-05-29,5,5,0,0,12169,1,0,0,0,0,12169,4576275.88
2026-05-30,6,5,1,0,10079,1,0,0,0,0,10079,4586354.88
2026-05-31,0,5,1,0,6766,1,0,0,6046.46,1,719.54,4587074.42
2026-06-01,1,6,0,0,7811,1,0,0,6137.23,1,1673.77,4588748.19
2026-06-02,2,6,0,0,6792,1,0,0,0,0,6792,4595540.19
2026-06-03,3,6,0,0,5837,1,0,0,0,0,5837,4601377.19
2026-06-04,4,6,0,0,9182,1,0,0,0,0,9182,4610559.19
2026-06-05,5,6,0,0,4408,1,6622,1,0,0,-2214,4608345.19
2026-06-06,6,6,1,0,13981,1,0,0,0,0,13981,4622326.19
2026-06-07,0,6,1,0,3688,1,6520,1,0,0,-2832,4619494.19
2026-06-08,1,6,0,0,6567,1,0,0,0,0,6567,4626061.19
2026-06-09,2,6,0,0,9451,1,3814,1,0,0,5637,4631698.19
2026-06-10,3,6,0,0,3495,1,0,0,0,0,3495,4635193.19
2026-06-11,4,6,0,0,4266,1,7325,1,0,0,-3059,4632134.19
2026-06-12,5,6,0,0,4664,1,0,0,0,0,4664,4636798.19
2026-06-13,6,6,1,0,10512,1,7751,1,0,0,2761,4639559.19
2026-06-14,0,6,1,0,5191,1,0,0,0,0,5191,4644750.19
2026-06-15,1,6,0,0,8475,1,0,0,4717.3,1,3757.7,4648507.89
2026-06-16,2,6,0,0,9686,1,6597,1,0,0,3089,4651596.89
2026-06-17,3,6,0,0,6915,1,0,0,0,0,6915,4658511.89
2026-06-18,4,6,0,0,6629,1,3898,1,0,0,2731,4661242.89
2026-06-19,5,6,0,0,11398,1,0,0,0,0,11398,4672640.89
2026-06-20,6,6,1,0,8444,1,0,0,1037.14,1,7406.86,4680047.75
2026-06-21,0,6,1,0,3635,1,6684,1,0,0,-3049,4676998.75
2026-06-22,1,6,0,0,7628,1,0,0,0,0,7628,4684626.75
2026-06-23,2,6,0,0,4386,1,6480,1,0,0,-2094,4682532.75
2026-06-24,3,6,0,0,5953,1,0,0,0,0,5953,4688485.75
2026-06-25,4,6,0,0,9919,1,4658,1,0,0,5261,4693746.75
2026-06-26,5,6,0,0,6249,1,0,0,0,0,6249,4699995.75
2026-06-27,6,6,1,0,5989,1,5180,1,0,0,809,4700804.75
2026-06-28,0,6,1,0,3721,1,0,0,0,0,3721,4704525.75
2026-06-29,1,6,0,0,2953,1,3004,1,0,0,-51,4704474.75
2026-06-30,2,6,0,0,4758,1,0,0,5135.31,1,-377.31,4704097.44
2026-07-01,3,7,0,0,6523,1,3832,1,6154.16,1,-3463.16,4700634.28
2026-07-02,4,7,0,0,5231,1,0,0,0,0,5231,4705865.28
2026-07-03,5,7,0,0,9220,1,4050,1,0,0,5170,4711035.28
2026-07-04,6,7,1,0,8770,1,0,0,0,0,8770,4719805.28
2026-07-05,0,7,1,0,5482,1,7176,1,0,0,-1694,4718111.28
2026-07-06,1,7,0,0,4786,1,0,0,0,0,4786,4722897.28
2026-07-07,2,7,0,0,3191,1,3293,1,0,0,-102,4722795.28
2026-07-08,3,7,0,0,8917,1,0,0,0,0,8917,4731712.28
2026-07-09,4,7,0,0,4920,1,0,0,0,0,4920,4736632.28
2026-07-10,5,7,0,0,7320,1,5417,1,0,0,1903,4738535.28
2026-07-11,6,7,1,0,5691,1,0,0,0,0,5691,4744226.28
2026-07-12,0,7,1,0,5141,1,4771,1,0,0,370,4744596.28
2026-07-13,1,7,0,0,8497,1,0,0,0,0,8497,4753093.28
2026-07-14,2,7,0,0,8144,1,7918,1,0,0,226,4753319.28
2026-07-15,3,7,0,0,5780,1,0,0,5032.76,1,747.24,4754066.52
2026-07-16,4,7,0,0,9150,1,7957,1,0,0,1193,4755259.52
2026-07-17,5,7,0,0,7386,1,0,0,0,0,7386,4762645.52
2026-07-18,6,7,1,0,9831,1,6894,1,0,0,2937,4765582.52
2026-07-19,0,7,1,0,4040,1,0,0,0,0,4040,4769622.52
2026-07-20,1,7,0,0,6215,1,0,0,1152.2,1,5062.8,4774685.32
2026-07-21,2,7,0,0,3334,1,0,0,0,0,3334,4778019.32
2026-07-22,3,7,0,0,3419,1,7660,1,0,0,-4241,4773778.32
2026-07-23,4,7,0,0,9901,1,0,0,0,0,9901,4783679.32
2026-07-24,5,7,0,0,4743,1,0,0,0,0,4743,4788422.32
2026-07-25,6,7,1,0,4644,1,6694,1,0,0,-2050,4786372.32
2026-07-26,0,7,1,0,5661,1,0,0,0,0,5661,4792033.32
2026-07-27,1,7,0,0,4200,1,6088,1,0,0,-1888,4790145.32
2026-07-28,2,7,0,0,7976,1,0,0,0,0,7976,4798121.32
2026-07-29,3,7,0,0,4384,1,6543,1,0,0,-2159,4795962.32
2026-07-30,4,7,0,0,4047,1,0,0,0,0,4047,4800009.32
2026-07-31,5,7,0,0,4634,1,0,0,4058.57,1,575.43,4800584.75
2026-08-01,6,8,1,0,10152,1,5386,1,5959.69,1,-1193.69,4799391.06
2026-08-02,0,8,1,0,4546,1,0,0,0,0,4546,4803937.06
2026-08-03,1,8,0,0,3988,1,3653,1,0,0,335,4804272.06
2026-08-04,2,8,0,0,8204,1,0,0,0,0,8204,4812476.06
2026-08-05,3,8,0,0,4728,1,0,0,0,0,4728,4817204.06
2026-08-06,4,8,0,0,11274,1,3914,1,0,0,7360,4824564.06
2026-08-07,5,8,0,0,13328,1,0,0,0,0,13328,4837892.06
2026-08-08,6,8,1,0,5939,1,6598,1,0,0,-659,4837233.06
2026-08-09,0,8,1,0,2690,1,0,0,0,0,2690,4839923.06
2026-08-10,1,8,0,0,2857,1,5940,1,0,0,-3083,4836840.06
2026-08-11,2,8,0,0,6115,1,0,0,0,0,6115,4842955.06
2026-08-12,3,8,0,0,9699,1,6944,1,0,0,2755,4845710.06
2026-08-13,4,8,0,0,3847,1,0,0,0,0,3847,4849557.06
2026-08-14,5,8,0,0,9175,1,4869,1,0,0,4306,4853863.06
2026-08-15,6,8,1,0,4748,1,0,0,6922.92,1,-2174.92,4851688.14
2026-08-16,0,8,1,0,6544,1,0,0,0,0,6544,4858232.14
2026-08-17,1,8,0,0,4084,1,0,0,0,0,4084,4862316.14
2026-08-18,2,8,0,0,5651,1,7535,1,0,0,-1884,4860432.14
2026-08-19,3,8,0,0,7650,1,0,0,0,0,7650,4868082.14
2026-08-20,4,8,0,0,7122,1,5703,1,1467.91,1,-48.91,4868033.23
2026-08-21,5,8,0,0,4933,1,0,0,0,0,4933,4872966.23
2026-08-22,6,8,1,0,5499,1,7903,1,0,0,-2404,4870562.23
2026-08-23,0,8,1,0,6108,1,0,0,0,0,6108,4876670.23
2026-08-24,1,8,0,0,2955,1,5179,1,0,0,-2224,4874446.23
2026-08-25,2,8,0,0,7498,1,0,0,0,0,7498,4881944.23
2026-08-26,3,8,0,0,9327,1,0,0,0,0,9327,4891271.23
2026-08-27,4,8,0,0,10323,1,0,0,0,0,10323,4901594.23
2026-08-28,5,8,0,0,9995,1,0,0,0,0,9995,4911589.23
2026-08-29,6,8,1,0,8491,1,0,0,0,0,8491,4920080.23
2026-08-30,0,8,1,0,5617,1,0,0,0,0,5617,4925697.23
2026-08-31,1,8,0,0,3438,1,7371,1,5578.77,1,-9511.77,4916185.46
2026-09-01,2,9,0,0,8853,1,0,0,5815.02,1,3037.98,4919223.44
2026-09-02,3,9,0,0,9908,1,6428,1,0,0,3480,4922703.44
2026-09-03,4,9,0,0,3930,1,0,0,0,0,3930,4926633.44
2026-09-04,5,9,0,0,12611,1,3238,1,0,0,9373,4936006.44
2026-09-05,6,9,1,0,4720,1,0,0,0,0,4720,4940726.44
2026-09-06,0,9,1,0,5513,1,5276,1,0,0,237,4940963.44
2026-09-07,1,9,0,0,8638,1,0,0,0,0,8638,4949601.44
2026-09-08,2,9,0,0,8889,1,7919,1,0,0,970,4950571.44
2026-09-09,3,9,0,0,5186,1,0,0,0,0,5186,4955757.44
2026-09-10,4,9,0,0,5549,1,3801,1,0,0,1748,4957505.44
2026-09-11,5,9,0,0,10702,1,0,0,0,0,10702,4968207.44
2026-09-12,6,9,1,0,11475,1,0,0,0,0,11475,4979682.44